{"stats":{"minecraft:crafted":{"minecraft:crafting_table":1,"minecraft:iron_sword":1,"minecraft:bread":48,"minecraft:stick":16,"minecraft:wooden_axe":1,"minecraft:chest":1,"minecraft:acacia_planks":52,"minecraft:torch":56,"minecraft:wheat":99},"minecraft:killed_by":{"minecraft:husk":2,"minecraft:iron_golem":1,"hmag:skeleton_girl":3},"minecraft:dropped":{"farmersdelight:iron_knife":1,"minecraft:iron_sword":1,"minecraft:player_head":2,"minecraft:carrot":2,"minecraft:mangrove_fence":1,"minecraft:dirt":3,"minecraft:leather_boots":1,"iceandfire:bestiary":1,"minecraft:leather_leggings":1,"minecraft:bamboo":1,"minecraft:armor_stand":2},"minecraft:used":{"farmersdelight:iron_knife":88,"minecraft:leather_leggings":5,"minecraft:chest":1,"minecraft:iron_sword":156,"minecraft:leather_boots":3,"minecraft:torch":21,"minecraft:crafting_table":2,"minecraft:white_bed":3,"minecraft:wooden_axe":41,"minecraft:bread":19,"minecraft:iron_pickaxe":253,"tombstone:grave_key":9,"minecraft:iron_boots":3,"farmersdelight:ham":1,"minecraft:cobblestone":127,"tombstone:gift":3,"minecraft:acacia_planks":12,"minecraft:iron_leggings":5,"minecraft:brown_bed":1},"minecraft:custom":{"minecraft:mob_kills":24,"minecraft:interact_with_crafting_table":8,"minecraft:damage_dealt_resisted":76,"minecraft:leave_game":5,"minecraft:time_since_death":15052,"minecraft:sleep_in_bed":8,"minecraft:climb_one_cm":4994,"minecraft:time_since_rest":14792,"minecraft:waystone_activated":1,"minecraft:sprint_one_cm":164777,"minecraft:damage_taken":2752,"minecraft:walk_one_cm":361368,"minecraft:drop":12,"minecraft:damage_dealt":6726,"minecraft:swim_one_cm":8954,"minecraft:fly_one_cm":88406,"minecraft:open_chest":37,"minecraft:crouch_one_cm":1724,"tombstone:undead_killed":14,"minecraft:play_time":118122,"minecraft:deaths":7,"minecraft:sneak_time":2629,"minecraft:walk_under_water_one_cm":1881,"minecraft:jump":1070,"minecraft:interact_with_brewingstand":2,"minecraft:interact_with_blast_furnace":1,"minecraft:walk_on_water_one_cm":6409,"minecraft:total_world_time":118122,"minecraft:fall_one_cm":21840},"minecraft:picked_up":{"born_in_chaos_v1:corpse_maggot":2,"minecraft:wheat":47,"minecraft:crafting_table":1,"minecraft:leather_chestplate":2,"bloomingnature:laterit":5,"minecraft:ladder":2,"minecraft:leather_leggings":2,"minecraft:potato":8,"minecraft:brown_bed":1,"minecraft:enchanted_book":1,"minecraft:waxed_copper_block":1,"minecraft:mangrove_slab":3,"minecraft:polished_deepslate":1,"minecraft:dark_oak_trapdoor":2,"minecraft:dirt":4,"minecraft:red_nether_bricks":2,"minecraft:white_carpet":1,"minecraft:armor_stand":2,"minecraft:iron_leggings":1,"minecraft:leather_boots":2,"minecraft:item_frame":1,"minecraft:mangrove_fence":1,"minecraft:experience_bottle":1,"minecraft:red_nether_brick_stairs":1,"minecraft:cyan_carpet":2,"farmersdelight:iron_knife":1,"minecraft:apple":10,"minecraft:wheat_seeds":133,"minecraft:raw_gold":6,"minecraft:iron_ingot":1,"farmersdelight:straw":5,"minecraft:calcite":3,"minecraft:player_head":2,"minecraft:bamboo":1,"minecraft:acacia_sapling":4,"minecraft:iron_boots":1,"minecraft:dark_oak_slab":3,"minecraft:stick":4,"minecraft:acacia_fence":1,"minecraft:torch":10,"minecraft:acacia_log":18,"ars_nouveau:purple_archwood_sapling":1,"minecraft:waxed_cut_copper_stairs":2,"minecraft:dark_oak_log":2,"minecraft:red_terracotta":1,"tombstone:grave_dust":2,"minecraft:carrot":5,"minecraft:white_bed":4,"minecraft:dark_oak_planks":4,"minecraft:mossy_cobblestone":1,"minecraft:rotten_flesh":8,"minecraft:beetroot_seeds":2,"minecraft:peony":1,"minecraft:hay_block":41,"minecraft:granite":1,"minecraft:red_nether_brick_slab":1,"minecraft:coal":44,"minecraft:cobblestone":127},"minecraft:killed":{"minecraft:husk":14,"bloomingnature:termite":3,"born_in_chaos_v1:maggot":2,"minecraft:sheep":3,"realmrpg_demons:chort":1},"minecraft:mined":{"minecraft:waxed_cut_copper_stairs":2,"minecraft:dark_oak_planks":5,"minecraft:red_nether_brick_slab":1,"minecraft:white_bed":4,"bloomingnature:termite_mound":3,"minecraft:mossy_cobblestone":1,"minecraft:dark_oak_log":2,"minecraft:red_nether_bricks":2,"minecraft:crafting_table":1,"minecraft:torch":1,"gravestone:gravestone":7,"minecraft:granite":1,"minecraft:calcite":4,"minecraft:acacia_log":1,"minecraft:grass_block":3,"minecraft:mangrove_fence":1,"minecraft:rose_bush":2,"bloomingnature:mossy_laterit":5,"minecraft:tall_grass":39,"minecraft:cobblestone":37,"minecraft:wall_torch":6,"minecraft:spawner":2,"minecraft:hay_block":42,"minecraft:red_terracotta":1,"minecraft:dark_oak_slab":3,"minecraft:carrots":5,"minecraft:dark_oak_trapdoor":2,"minecraft:red_nether_brick_stairs":1,"ars_nouveau:purple_archwood_leaves":1,"minecraft:wheat":47,"minecraft:stripped_dark_oak_wood":1,"minecraft:waxed_copper_block":1,"minecraft:white_carpet":2,"minecraft:polished_deepslate":1,"treechop:chopped_log":3,"minecraft:peony":1,"minecraft:brown_bed":1,"minecraft:grass":41,"minecraft:mangrove_slab":2,"minecraft:potatoes":3,"minecraft:coal_ore":42,"minecraft:beetroots":1,"minecraft:vine":1,"minecraft:acacia_fence":1,"minecraft:cyan_carpet":2,"minecraft:dirt":1,"minecraft:stone":92,"minecraft:gold_ore":6,"minecraft:oak_leaves":4}},"DataVersion":3465}