{"stats":{"minecraft:picked_up":{"minecraft:wheat_seeds":1},"minecraft:mined":{"minecraft:tall_grass":1,"minecraft:grass":3},"minecraft:custom":{"minecraft:jump":27,"minecraft:open_chest":4,"minecraft:time_since_rest":10107,"minecraft:leave_game":2,"minecraft:play_time":10107,"minecraft:sprint_one_cm":2480,"minecraft:damage_taken":10,"minecraft:time_since_death":10107,"minecraft:walk_one_cm":41473,"minecraft:total_world_time":10107,"minecraft:fall_one_cm":335,"minecraft:fly_one_cm":1143}},"DataVersion":3465}