{"stats":{"minecraft:crafted":{"minecraft:chest":1,"minecraft:dark_oak_planks":8,"minecraft:wheat":99,"minecraft:crafting_table":1,"minecraft:iron_sword":1,"minecraft:bread":48,"minecraft:shield":1,"minecraft:stick":16,"minecraft:wooden_axe":1,"minecraft:acacia_planks":52,"minecraft:torch":56},"minecraft:killed_by":{"minecraft:husk":2,"minecraft:iron_golem":1,"hmag:skeleton_girl":3},"minecraft:dropped":{"farmersdelight:iron_knife":1,"minecraft:iron_sword":1,"minecraft:dirt":3,"minecraft:rose_bush":1,"minecraft:stripped_dark_oak_wood":1,"minecraft:armor_stand":2,"minecraft:player_head":2,"minecraft:carrot":2,"minecraft:mangrove_fence":1,"minecraft:leather_boots":1,"iceandfire:bestiary":1,"minecraft:ladder":5,"minecraft:leather_leggings":1,"minecraft:bamboo":1,"minecraft:calcite":3},"minecraft:used":{"minecraft:chest":1,"minecraft:iron_sword":230,"minecraft:torch":25,"minecraft:dark_oak_planks":6,"minecraft:wooden_axe":54,"minecraft:iron_boots":3,"tombstone:gift":3,"minecraft:acacia_planks":29,"minecraft:brown_bed":1,"minecraft:iron_leggings":5,"farmersdelight:iron_knife":145,"minecraft:leather_leggings":5,"minecraft:leather_boots":3,"minecraft:crafting_table":2,"minecraft:mushroom_stew":1,"minecraft:white_bed":3,"minecraft:bread":23,"minecraft:iron_pickaxe":274,"tombstone:grave_key":9,"farmersdelight:ham":1,"minecraft:cobblestone":127},"minecraft:custom":{"minecraft:mob_kills":40,"minecraft:interact_with_crafting_table":9,"minecraft:open_barrel":4,"minecraft:damage_dealt_resisted":120,"minecraft:eat_cake_slice":1,"minecraft:leave_game":5,"minecraft:time_since_death":39052,"minecraft:climb_one_cm":5332,"minecraft:sprint_one_cm":172922,"minecraft:walk_one_cm":409052,"minecraft:drop":18,"minecraft:play_time":142122,"minecraft:deaths":7,"minecraft:sneak_time":8174,"minecraft:walk_under_water_one_cm":1881,"minecraft:interact_with_brewingstand":2,"minecraft:jump":1141,"minecraft:interact_with_blast_furnace":2,"minecraft:walk_on_water_one_cm":6852,"minecraft:total_world_time":142122,"minecraft:tune_noteblock":1,"minecraft:sleep_in_bed":10,"minecraft:time_since_rest":2816,"minecraft:waystone_activated":2,"minecraft:damage_taken":3177,"minecraft:damage_dealt":11458,"minecraft:swim_one_cm":8954,"minecraft:fly_one_cm":93502,"minecraft:open_chest":38,"minecraft:crouch_one_cm":6622,"tombstone:undead_killed":30,"minecraft:fall_one_cm":26081},"minecraft:picked_up":{"minecraft:crafting_table":1,"minecraft:wheat":47,"minecraft:ladder":8,"minecraft:leather_leggings":2,"minecraft:brown_bed":1,"minecraft:enchanted_book":1,"minecraft:polished_deepslate_wall":1,"minecraft:polished_deepslate":1,"minecraft:dark_oak_trapdoor":2,"minecraft:red_nether_bricks":2,"minecraft:iron_leggings":1,"minecraft:item_frame":1,"minecraft:armor_stand":2,"minecraft:white_carpet":1,"minecraft:experience_bottle":1,"minecraft:cyan_carpet":3,"farmersdelight:straw":5,"minecraft:rose_bush":1,"minecraft:player_head":2,"minecraft:calcite":8,"minecraft:lectern":1,"minecraft:iron_boots":1,"minecraft:stick":4,"minecraft:acacia_fence":1,"minecraft:birch_trapdoor":2,"minecraft:torch":10,"minecraft:acacia_log":18,"ars_nouveau:purple_archwood_sapling":1,"tombstone:grave_dust":4,"minecraft:carrot":5,"minecraft:dark_oak_planks":8,"minecraft:waxed_cut_copper_stairs":3,"minecraft:rotten_flesh":18,"minecraft:beetroot_seeds":2,"minecraft:peony":1,"minecraft:deepslate_bricks":4,"minecraft:hay_block":41,"minecraft:stripped_dark_oak_wood":3,"minecraft:deepslate_brick_stairs":2,"minecraft:cobblestone":127,"born_in_chaos_v1:corpse_maggot":2,"minecraft:leather_chestplate":2,"bloomingnature:laterit":5,"minecraft:tripwire_hook":2,"minecraft:potato":8,"minecraft:waxed_copper_block":1,"minecraft:mangrove_slab":3,"minecraft:dirt":4,"tombstone:gift":1,"minecraft:leather_boots":2,"minecraft:mangrove_fence":1,"minecraft:red_nether_brick_stairs":1,"farmersdelight:iron_knife":1,"minecraft:apple":10,"minecraft:wheat_seeds":133,"minecraft:raw_gold":6,"minecraft:iron_ingot":1,"minecraft:bamboo":1,"minecraft:acacia_sapling":4,"minecraft:iron_sword":1,"minecraft:dark_oak_slab":3,"minecraft:nether_brick_stairs":1,"minecraft:white_bed":4,"minecraft:nether_brick_slab":2,"minecraft:dark_oak_log":2,"minecraft:red_terracotta":1,"minecraft:mossy_cobblestone":1,"minecraft:granite":1,"minecraft:red_nether_brick_slab":1,"minecraft:coal":44},"minecraft:broken":{"minecraft:iron_pickaxe":1},"minecraft:killed":{"born_in_chaos_v1:maggot":2,"realmrpg_demons:chort":1,"minecraft:husk":30,"bloomingnature:termite":3,"minecraft:sheep":3},"minecraft:mined":{"minecraft:dark_oak_planks":8,"minecraft:red_nether_brick_slab":1,"minecraft:white_bed":4,"bloomingnature:termite_mound":3,"minecraft:mossy_cobblestone":1,"minecraft:dark_oak_log":2,"minecraft:red_nether_bricks":2,"gravestone:gravestone":7,"minecraft:granite":1,"minecraft:acacia_log":1,"minecraft:grass_block":3,"minecraft:mangrove_fence":1,"minecraft:deepslate_bricks":6,"minecraft:spawner":2,"minecraft:hay_block":42,"minecraft:carrots":5,"minecraft:dark_oak_trapdoor":2,"minecraft:red_nether_brick_stairs":1,"minecraft:barrel":1,"treechop:chopped_log":3,"minecraft:nether_brick_stairs":2,"minecraft:stripped_dark_oak_wood":2,"minecraft:peony":1,"minecraft:brown_bed":1,"minecraft:polished_deepslate":1,"minecraft:potatoes":3,"minecraft:vine":1,"minecraft:deepslate_brick_stairs":3,"minecraft:stone":92,"minecraft:waxed_cut_copper_stairs":3,"minecraft:crafting_table":1,"minecraft:torch":1,"minecraft:calcite":7,"minecraft:rose_bush":2,"minecraft:nether_brick_slab":2,"bloomingnature:mossy_laterit":5,"minecraft:lectern":1,"minecraft:tall_grass":39,"minecraft:cobblestone":38,"minecraft:wall_torch":6,"minecraft:spruce_stairs":1,"minecraft:red_terracotta":1,"minecraft:dark_oak_slab":3,"ars_nouveau:purple_archwood_leaves":1,"minecraft:wheat":47,"minecraft:birch_trapdoor":2,"minecraft:white_carpet":2,"minecraft:waxed_copper_block":1,"minecraft:grass":41,"minecraft:mangrove_slab":2,"minecraft:coal_ore":42,"minecraft:beetroots":1,"minecraft:acacia_fence":1,"minecraft:cyan_carpet":5,"minecraft:dirt":1,"minecraft:tripwire_hook":2,"minecraft:gold_ore":6,"minecraft:polished_deepslate_wall":1,"minecraft:oak_leaves":4}},"DataVersion":3465}