{"stats":{"minecraft:killed_by":{"minecraft:iron_golem":1,"hmag:skeleton_girl":3},"minecraft:crafted":{"minecraft:crafting_table":1,"minecraft:stick":12,"minecraft:wooden_axe":1,"minecraft:chest":1,"minecraft:acacia_planks":52,"minecraft:torch":8},"minecraft:dropped":{"farmersdelight:iron_knife":1,"minecraft:player_head":2,"minecraft:dirt":3,"minecraft:leather_boots":1,"iceandfire:bestiary":1,"minecraft:leather_leggings":1,"minecraft:bamboo":1,"minecraft:armor_stand":2},"minecraft:used":{"farmersdelight:iron_knife":88,"minecraft:leather_leggings":5,"minecraft:chest":1,"minecraft:leather_boots":3,"minecraft:torch":3,"minecraft:crafting_table":2,"minecraft:wooden_axe":24,"minecraft:bread":11,"minecraft:iron_pickaxe":95,"tombstone:grave_key":5,"minecraft:iron_boots":3,"tombstone:gift":3,"minecraft:iron_leggings":5,"minecraft:brown_bed":1},"minecraft:custom":{"minecraft:mob_kills":8,"minecraft:interact_with_crafting_table":3,"minecraft:damage_dealt_resisted":76,"minecraft:leave_game":5,"minecraft:time_since_death":29140,"minecraft:sleep_in_bed":6,"minecraft:climb_one_cm":4994,"minecraft:time_since_rest":14294,"minecraft:waystone_activated":1,"minecraft:sprint_one_cm":129385,"minecraft:damage_taken":1493,"minecraft:walk_one_cm":291615,"minecraft:drop":8,"minecraft:damage_dealt":607,"minecraft:swim_one_cm":8954,"minecraft:fly_one_cm":75540,"minecraft:open_chest":31,"minecraft:play_time":82122,"minecraft:deaths":4,"minecraft:sneak_time":5,"minecraft:walk_under_water_one_cm":1881,"minecraft:jump":775,"minecraft:interact_with_brewingstand":2,"minecraft:walk_on_water_one_cm":4480,"minecraft:total_world_time":82122,"minecraft:fall_one_cm":14774},"minecraft:picked_up":{"minecraft:wheat":3,"minecraft:crafting_table":1,"minecraft:leather_chestplate":2,"bloomingnature:laterit":5,"minecraft:leather_leggings":2,"minecraft:potato":1,"minecraft:brown_bed":1,"minecraft:enchanted_book":1,"minecraft:dirt":3,"minecraft:white_carpet":1,"minecraft:armor_stand":2,"minecraft:iron_leggings":1,"minecraft:leather_boots":2,"minecraft:item_frame":1,"minecraft:experience_bottle":1,"farmersdelight:iron_knife":1,"minecraft:apple":10,"minecraft:wheat_seeds":6,"minecraft:raw_gold":6,"minecraft:iron_ingot":1,"farmersdelight:straw":5,"minecraft:player_head":2,"minecraft:bamboo":1,"minecraft:acacia_sapling":4,"minecraft:iron_boots":1,"minecraft:stick":4,"minecraft:torch":1,"minecraft:acacia_log":18,"ars_nouveau:purple_archwood_sapling":1,"tombstone:grave_dust":1,"minecraft:mossy_cobblestone":1,"minecraft:rotten_flesh":3,"minecraft:granite":1,"minecraft:coal":26,"minecraft:cobblestone":12},"minecraft:killed":{"bloomingnature:termite":3,"minecraft:sheep":3,"realmrpg_demons:chort":1},"minecraft:mined":{"bloomingnature:termite_mound":3,"minecraft:mossy_cobblestone":1,"minecraft:crafting_table":1,"gravestone:gravestone":4,"minecraft:granite":1,"minecraft:acacia_log":1,"minecraft:grass_block":2,"bloomingnature:mossy_laterit":5,"minecraft:tall_grass":34,"minecraft:wall_torch":1,"ars_nouveau:purple_archwood_leaves":1,"minecraft:white_carpet":2,"treechop:chopped_log":3,"minecraft:brown_bed":1,"minecraft:grass":40,"minecraft:coal_ore":24,"minecraft:vine":1,"minecraft:dirt":1,"minecraft:stone":12,"minecraft:gold_ore":6,"minecraft:oak_leaves":4}},"DataVersion":3465}