{"stats":{"minecraft:crafted":{"minecraft:iron_axe":1,"minecraft:chest":1,"minecraft:dark_oak_planks":8,"minecraft:wheat":99,"minecraft:crafting_table":2,"minecraft:iron_sword":2,"mcwbridges:bridge_torch":2,"minecraft:bread":48,"minecraft:shield":1,"minecraft:stick":16,"minecraft:wooden_axe":1,"minecraft:acacia_planks":52,"minecraft:torch":56},"minecraft:killed_by":{"minecraft:husk":2,"minecraft:iron_golem":1,"minecraft:cave_spider":1,"minecraft:zombie":2,"born_in_chaos_v1:skeleton_thrasher_not_despawn":1,"hmag:skeleton_girl":3,"minecraft:vex":1},"minecraft:dropped":{"farmersdelight:iron_knife":1,"minecraft:iron_sword":1,"minecraft:dirt":3,"minecraft:deepslate_brick_stairs":2,"minecraft:rose_bush":2,"minecraft:stripped_dark_oak_wood":3,"minecraft:polished_deepslate_wall":1,"minecraft:cyan_carpet":1,"minecraft:polished_deepslate":1,"minecraft:armor_stand":2,"minecraft:nether_brick_slab":2,"minecraft:waxed_cut_copper_stairs":1,"minecraft:player_head":2,"minecraft:bowl":1,"minecraft:carrot":2,"minecraft:mangrove_fence":1,"minecraft:deepslate_bricks":4,"minecraft:birch_trapdoor":2,"minecraft:leather_boots":1,"iceandfire:bestiary":1,"minecraft:ladder":8,"minecraft:leather_leggings":1,"minecraft:bamboo":1,"minecraft:calcite":5},"minecraft:used":{"minecraft:chest":1,"minecraft:iron_sword":296,"minecraft:torch":33,"minecraft:dirt":26,"minecraft:dark_oak_planks":9,"minecraft:wooden_axe":61,"minecraft:iron_axe":2,"minecraft:iron_boots":3,"tombstone:gift":5,"minecraft:acacia_planks":29,"minecraft:brown_bed":1,"minecraft:iron_leggings":5,"farmersdelight:iron_knife":145,"minecraft:water_bucket":1,"minecraft:leather_leggings":5,"minecraft:leather_boots":3,"minecraft:crafting_table":4,"minecraft:mushroom_stew":1,"minecraft:white_bed":7,"minecraft:bread":35,"minecraft:iron_pickaxe":290,"tombstone:grave_key":11,"farmersdelight:ham":1,"minecraft:cobblestone":127,"minecraft:bucket":2},"minecraft:custom":{"minecraft:mob_kills":50,"minecraft:interact_with_crafting_table":16,"minecraft:open_barrel":4,"minecraft:damage_dealt_resisted":272,"minecraft:eat_cake_slice":1,"minecraft:leave_game":5,"minecraft:time_since_death":3591,"minecraft:climb_one_cm":5332,"minecraft:sprint_one_cm":233863,"minecraft:walk_one_cm":514416,"minecraft:drop":31,"minecraft:play_time":202122,"minecraft:deaths":12,"minecraft:sneak_time":10436,"minecraft:walk_under_water_one_cm":3661,"minecraft:interact_with_brewingstand":2,"minecraft:jump":1575,"minecraft:interact_with_blast_furnace":2,"minecraft:walk_on_water_one_cm":10621,"minecraft:total_world_time":202122,"minecraft:tune_noteblock":1,"minecraft:sleep_in_bed":14,"minecraft:time_since_rest":3184,"minecraft:waystone_activated":2,"minecraft:damage_taken":5085,"minecraft:damage_dealt":13097,"minecraft:swim_one_cm":8954,"minecraft:fly_one_cm":164083,"minecraft:open_chest":48,"minecraft:crouch_one_cm":10665,"tombstone:undead_killed":36,"minecraft:fall_one_cm":35311},"minecraft:picked_up":{"minecraft:crafting_table":3,"minecraft:wheat":47,"minecraft:ladder":8,"minecraft:leather_leggings":2,"minecraft:brown_bed":1,"minecraft:enchanted_book":1,"minecraft:polished_deepslate_wall":1,"minecraft:polished_deepslate":1,"minecraft:dark_oak_trapdoor":2,"minecraft:red_nether_bricks":2,"minecraft:iron_leggings":1,"minecraft:item_frame":1,"minecraft:armor_stand":2,"minecraft:white_carpet":1,"minecraft:experience_bottle":1,"minecraft:cyan_carpet":3,"farmersdelight:straw":5,"minecraft:rose_bush":1,"minecraft:player_head":2,"minecraft:calcite":8,"minecraft:lectern":1,"minecraft:chest":1,"minecraft:iron_boots":1,"minecraft:stick":4,"born_in_chaos_v1:shattered_skull":1,"minecraft:acacia_fence":1,"minecraft:birch_trapdoor":2,"minecraft:torch":12,"minecraft:acacia_log":18,"ars_nouveau:purple_archwood_sapling":1,"tombstone:grave_dust":4,"born_in_chaos_v1:pieceofdarkmetal":2,"minecraft:carrot":5,"minecraft:dark_oak_planks":11,"minecraft:waxed_cut_copper_stairs":3,"minecraft:rotten_flesh":22,"minecraft:beetroot_seeds":2,"minecraft:peony":1,"minecraft:deepslate_bricks":4,"minecraft:hay_block":41,"minecraft:stripped_dark_oak_wood":3,"born_in_chaos_v1:spiny_shell":3,"minecraft:deepslate_brick_stairs":2,"minecraft:cobblestone":127,"born_in_chaos_v1:corpse_maggot":2,"minecraft:leather_chestplate":2,"bloomingnature:laterit":5,"minecraft:tripwire_hook":2,"minecraft:potato":8,"minecraft:waxed_copper_block":1,"minecraft:mangrove_slab":3,"minecraft:dirt":48,"tombstone:gift":1,"minecraft:leather_boots":2,"minecraft:mangrove_fence":1,"minecraft:bone":3,"minecraft:red_nether_brick_stairs":1,"farmersdelight:iron_knife":1,"minecraft:apple":10,"minecraft:wheat_seeds":144,"minecraft:raw_gold":6,"minecraft:iron_ingot":1,"minecraft:bamboo":1,"minecraft:acacia_sapling":4,"minecraft:iron_sword":1,"minecraft:dark_oak_slab":3,"minecraft:nether_brick_stairs":1,"minecraft:white_bed":7,"minecraft:nether_brick_slab":2,"minecraft:dark_oak_log":2,"minecraft:red_terracotta":1,"minecraft:mossy_cobblestone":1,"minecraft:granite":1,"minecraft:red_nether_brick_slab":1,"born_in_chaos_v1:rotten_fish":2,"minecraft:coal":54},"minecraft:broken":{"minecraft:iron_sword":1,"minecraft:iron_pickaxe":1,"minecraft:wooden_axe":1},"minecraft:killed":{"born_in_chaos_v1:skeleton_thrasher_not_despawn":1,"born_in_chaos_v1:thornshell_crab":1,"born_in_chaos_v1:maggot":2,"realmrpg_demons:chort":1,"minecraft:husk":30,"bloomingnature:termite":3,"minecraft:sheep":3,"minecraft:zombie":5,"ars_nouveau:whirlisprig":1},"minecraft:mined":{"minecraft:dark_oak_planks":11,"minecraft:red_nether_brick_slab":1,"minecraft:white_bed":7,"bloomingnature:termite_mound":3,"minecraft:mossy_cobblestone":1,"minecraft:dark_oak_log":2,"minecraft:red_nether_bricks":2,"gravestone:gravestone":9,"minecraft:granite":1,"minecraft:acacia_log":1,"minecraft:grass_block":16,"minecraft:mangrove_fence":1,"minecraft:deepslate_bricks":6,"minecraft:spawner":3,"minecraft:hay_block":42,"minecraft:carrots":5,"minecraft:dark_oak_trapdoor":2,"minecraft:red_nether_brick_stairs":1,"minecraft:barrel":1,"treechop:chopped_log":3,"minecraft:nether_brick_stairs":2,"minecraft:stripped_dark_oak_wood":2,"minecraft:peony":1,"minecraft:brown_bed":1,"minecraft:polished_deepslate":1,"minecraft:potatoes":3,"minecraft:vine":1,"minecraft:deepslate_brick_stairs":3,"minecraft:stone":92,"minecraft:waxed_cut_copper_stairs":3,"minecraft:crafting_table":3,"minecraft:torch":2,"minecraft:calcite":7,"minecraft:chest":1,"minecraft:rose_bush":2,"minecraft:nether_brick_slab":2,"bloomingnature:mossy_laterit":5,"minecraft:lectern":1,"minecraft:tall_grass":61,"minecraft:cobblestone":38,"minecraft:wall_torch":7,"minecraft:spruce_stairs":1,"minecraft:red_terracotta":1,"minecraft:dark_oak_slab":3,"ars_nouveau:purple_archwood_leaves":1,"minecraft:wheat":47,"minecraft:birch_trapdoor":2,"minecraft:white_carpet":2,"minecraft:waxed_copper_block":1,"minecraft:grass":59,"minecraft:mangrove_slab":2,"minecraft:coal_ore":52,"minecraft:beetroots":1,"minecraft:acacia_fence":1,"minecraft:cyan_carpet":5,"minecraft:dirt":33,"minecraft:tripwire_hook":2,"minecraft:gold_ore":6,"minecraft:polished_deepslate_wall":1,"minecraft:oak_leaves":4}},"DataVersion":3465}