{"stats":{"minecraft:crafted":{"minecraft:crafting_table":1,"minecraft:iron_sword":1,"minecraft:bread":48,"minecraft:stick":16,"minecraft:wooden_axe":1,"minecraft:chest":1,"minecraft:acacia_planks":52,"minecraft:torch":56,"minecraft:wheat":99},"minecraft:killed_by":{"minecraft:husk":2,"minecraft:iron_golem":1,"hmag:skeleton_girl":3},"minecraft:dropped":{"farmersdelight:iron_knife":1,"minecraft:player_head":2,"minecraft:carrot":2,"minecraft:mangrove_fence":1,"minecraft:dirt":3,"minecraft:leather_boots":1,"iceandfire:bestiary":1,"minecraft:leather_leggings":1,"minecraft:bamboo":1,"minecraft:armor_stand":2},"minecraft:used":{"farmersdelight:iron_knife":88,"minecraft:leather_leggings":5,"minecraft:chest":1,"minecraft:iron_sword":69,"minecraft:leather_boots":3,"minecraft:torch":12,"minecraft:crafting_table":2,"minecraft:white_bed":3,"minecraft:wooden_axe":34,"minecraft:bread":17,"minecraft:iron_pickaxe":233,"tombstone:grave_key":9,"minecraft:iron_boots":3,"farmersdelight:ham":1,"minecraft:cobblestone":111,"tombstone:gift":3,"minecraft:iron_leggings":5,"minecraft:brown_bed":1},"minecraft:custom":{"minecraft:mob_kills":12,"minecraft:interact_with_crafting_table":8,"minecraft:damage_dealt_resisted":76,"minecraft:leave_game":5,"minecraft:time_since_death":3052,"minecraft:sleep_in_bed":8,"minecraft:climb_one_cm":4994,"minecraft:time_since_rest":2792,"minecraft:waystone_activated":1,"minecraft:sprint_one_cm":164430,"minecraft:damage_taken":2643,"minecraft:walk_one_cm":339870,"minecraft:drop":11,"minecraft:damage_dealt":3055,"minecraft:swim_one_cm":8954,"minecraft:fly_one_cm":88283,"minecraft:open_chest":37,"minecraft:crouch_one_cm":98,"tombstone:undead_killed":4,"minecraft:play_time":106122,"minecraft:deaths":7,"minecraft:sneak_time":25,"minecraft:walk_under_water_one_cm":1881,"minecraft:jump":989,"minecraft:interact_with_brewingstand":2,"minecraft:walk_on_water_one_cm":4480,"minecraft:total_world_time":106122,"minecraft:fall_one_cm":21236},"minecraft:picked_up":{"minecraft:wheat":47,"minecraft:crafting_table":1,"minecraft:leather_chestplate":2,"bloomingnature:laterit":5,"minecraft:leather_leggings":2,"minecraft:potato":7,"minecraft:brown_bed":1,"minecraft:enchanted_book":1,"minecraft:dark_oak_trapdoor":2,"minecraft:dirt":4,"minecraft:white_carpet":1,"minecraft:armor_stand":2,"minecraft:iron_leggings":1,"minecraft:leather_boots":2,"minecraft:item_frame":1,"minecraft:mangrove_fence":1,"minecraft:experience_bottle":1,"minecraft:cyan_carpet":1,"farmersdelight:iron_knife":1,"minecraft:apple":10,"minecraft:wheat_seeds":133,"minecraft:raw_gold":6,"minecraft:iron_ingot":1,"farmersdelight:straw":5,"minecraft:player_head":2,"minecraft:bamboo":1,"minecraft:acacia_sapling":4,"minecraft:iron_boots":1,"minecraft:dark_oak_slab":3,"minecraft:stick":4,"minecraft:torch":7,"minecraft:acacia_log":18,"ars_nouveau:purple_archwood_sapling":1,"minecraft:red_terracotta":1,"tombstone:grave_dust":1,"minecraft:carrot":5,"minecraft:white_bed":4,"minecraft:dark_oak_planks":3,"minecraft:mossy_cobblestone":1,"minecraft:rotten_flesh":5,"minecraft:beetroot_seeds":2,"minecraft:peony":1,"minecraft:hay_block":11,"minecraft:granite":1,"minecraft:coal":44,"minecraft:cobblestone":122},"minecraft:killed":{"minecraft:husk":4,"bloomingnature:termite":3,"minecraft:sheep":3,"realmrpg_demons:chort":1},"minecraft:mined":{"minecraft:dark_oak_planks":3,"minecraft:white_bed":4,"bloomingnature:termite_mound":3,"minecraft:mossy_cobblestone":1,"minecraft:crafting_table":1,"minecraft:torch":1,"gravestone:gravestone":7,"minecraft:granite":1,"minecraft:acacia_log":1,"minecraft:grass_block":3,"minecraft:mangrove_fence":1,"minecraft:rose_bush":2,"bloomingnature:mossy_laterit":5,"minecraft:tall_grass":39,"minecraft:cobblestone":32,"minecraft:wall_torch":6,"minecraft:hay_block":11,"minecraft:red_terracotta":1,"minecraft:dark_oak_slab":3,"minecraft:carrots":5,"minecraft:dark_oak_trapdoor":2,"ars_nouveau:purple_archwood_leaves":1,"minecraft:wheat":47,"minecraft:white_carpet":2,"treechop:chopped_log":3,"minecraft:peony":1,"minecraft:brown_bed":1,"minecraft:grass":41,"minecraft:potatoes":3,"minecraft:coal_ore":42,"minecraft:beetroots":1,"minecraft:vine":1,"minecraft:cyan_carpet":1,"minecraft:dirt":1,"minecraft:stone":92,"minecraft:gold_ore":6,"minecraft:oak_leaves":4}},"DataVersion":3465}